<?xml version="1.0" encoding="UTF-8"?>
<project-private xmlns="http://www.netbeans.org/ns/project-private/1">
    <editor-bookmarks xmlns="http://www.netbeans.org/ns/editor-bookmarks/2" lastBookmarkId="0"/>
    <open-files xmlns="http://www.netbeans.org/ns/projectui-open-files/2">
        <group>
            <file>file:/D:/FPT/Fall2022/SWT/Lab3/DateTimeChecker/web/META-INF/context.xml</file>
            <file>file:/D:/FPT/Fall2022/SWT/Lab3/DateTimeChecker/test/DateTimeCheckerTest.java</file>
            <file>file:/D:/FPT/Fall2022/SWT/Lab3/DateTimeChecker/web/index.jsp</file>
            <file>file:/D:/FPT/Fall2022/SWT/Lab3/DateTimeChecker/web/form.jsp</file>
            <file>file:/D:/FPT/Fall2022/SWT/Lab3/DateTimeChecker/src/java/CheckingController.java</file>
            <file>file:/D:/FPT/Fall2022/SWT/Lab3/DateTimeChecker/src/java/DateTimeChecker.java</file>
        </group>
    </open-files>
</project-private>
